item_id,Winkler Score (0.1-0.9),Winkler Normalized
AAPL,0.05035814036104461,3.1311223089468547
AMZN,0.07598208636995886,3.8247242094455047
GOOGL,0.06930386919239225,3.69078900862412
JPM,0.06021797343271023,4.075567060939789
META,0.08041109402553727,3.3351454768976003
MSFT,0.06692079387005595,4.449056334934128
NVDA,0.09135248848267855,2.9445554960268945
TSLA,0.11535190909881378,3.1088474041644045
V,0.05049723932171386,4.211723065114077
